{
  "project_info": {
    "project_number": "238088670555",
    "project_id": "dementia-tester-4bfbe",
    "storage_bucket": "dementia-tester-4bfbe.appspot.com"
  },
  "client": [
    {
      "client_info": {
        "mobilesdk_app_id": "1:238088670555:android:ecde11db08025432735e7e",
        "android_client_info": {
          "package_name": "com.example.dementia_tester"
        }
      },
      "oauth_client": [
        {
          "client_id": "238088670555-4e9qdmg449t2vvsqc2m4hk5vtd1ss50t.apps.googleusercontent.com",
          "client_type": 1,
          "android_info": {
            "package_name": "com.example.dementia_tester",
            "certificate_hash": "45804f3e62e8e35de12c2d18b4d3ae26696a7542"
          }
        },
        {
          "client_id": "238088670555-acth1uvst0h3ka9nh9g1o8ke1n4poddn.apps.googleusercontent.com",
          "client_type": 3
        }
      ],
      "api_key": [
        {
          "current_key": "AIzaSyCT7FdXvZjxP7H_eUR2iGYFc5u1OOPnobM"
        }
      ],
      "services": {
        "appinvite_service": {
          "other_platform_oauth_client": [
            {
              "client_id": "238088670555-acth1uvst0h3ka9nh9g1o8ke1n4poddn.apps.googleusercontent.com",
              "client_type": 3
            }
          ]
        }
      }
    }
  ],
  "configuration_version": "1"
}